<?xml version="1.0" encoding="UTF-8"?>
<project-private xmlns="http://www.netbeans.org/ns/project-private/1">
    <editor-bookmarks xmlns="http://www.netbeans.org/ns/editor-bookmarks/2" lastBookmarkId="0"/>
    <open-files xmlns="http://www.netbeans.org/ns/projectui-open-files/2">
        <group>
            <file>file:/C:/Users/blueb/OneDrive/Documents/NetBeansProjects/Assignment/src/java/dto/ProductError.java</file>
            <file>file:/C:/Users/blueb/OneDrive/Documents/NetBeansProjects/Assignment/src/java/controller/DeleteUserController.java</file>
            <file>file:/C:/Users/blueb/OneDrive/Documents/NetBeansProjects/Assignment/web/admin.jsp</file>
            <file>file:/C:/Users/blueb/OneDrive/Documents/NetBeansProjects/Assignment/web/error.jsp</file>
            <file>file:/C:/Users/blueb/OneDrive/Documents/NetBeansProjects/Assignment/src/java/controller/CategoryController.java</file>
            <file>file:/C:/Users/blueb/OneDrive/Documents/NetBeansProjects/Assignment/src/java/dao/ProductDAO.java</file>
            <file>file:/C:/Users/blueb/OneDrive/Documents/NetBeansProjects/Assignment/src/java/ultis/DB_Ultis.java</file>
            <file>file:/C:/Users/blueb/OneDrive/Documents/NetBeansProjects/Assignment/web/insertProduct.jsp</file>
            <file>file:/C:/Users/blueb/OneDrive/Documents/NetBeansProjects/Assignment/src/java/controller/AddToCartController.java</file>
            <file>file:/C:/Users/blueb/OneDrive/Documents/NetBeansProjects/Assignment/src/java/dto/DetailDTO.java</file>
            <file>file:/C:/Users/blueb/OneDrive/Documents/NetBeansProjects/Assignment/web/user.jsp</file>
            <file>file:/C:/Users/blueb/OneDrive/Documents/NetBeansProjects/Assignment/web/register.jsp</file>
            <file>file:/C:/Users/blueb/OneDrive/Documents/NetBeansProjects/Assignment/src/java/controller/SearchProductController.java</file>
            <file>file:/C:/Users/blueb/OneDrive/Documents/NetBeansProjects/Assignment/src/java/controller/MainController.java</file>
            <file>file:/C:/Users/blueb/OneDrive/Documents/NetBeansProjects/Assignment/src/java/controller/LoginController.java</file>
            <file>file:/C:/Users/blueb/OneDrive/Documents/NetBeansProjects/Assignment/src/java/controller/InsertProductController.java</file>
            <file>file:/C:/Users/blueb/OneDrive/Documents/NetBeansProjects/Assignment/src/java/controller/SearchUserController.java</file>
            <file>file:/C:/Users/blueb/OneDrive/Documents/NetBeansProjects/Assignment/web/product.jsp</file>
            <file>file:/C:/Users/blueb/OneDrive/Documents/NetBeansProjects/Assignment/src/java/controller/ViewProductController.java</file>
            <file>file:/C:/Users/blueb/OneDrive/Documents/NetBeansProjects/Assignment/web/viewCart.jsp</file>
            <file>file:/C:/Users/blueb/OneDrive/Documents/NetBeansProjects/Assignment/src/java/controller/RegisterController.java</file>
            <file>file:/C:/Users/blueb/OneDrive/Documents/NetBeansProjects/Assignment/web/login.html</file>
        </group>
    </open-files>
</project-private>
